{
  "count": 1,
  "value": [
    {
      "id": 5456,
      "rev": 1,
      "fields": {
        "System.AreaPath": "DevOps Fasttrack",
        "System.TeamProject": "DevOps Fasttrack",
        "System.IterationPath": "$ProjectName$\\Sprint 1",
        "System.WorkItemType": "Custom Work Item",
        "System.State": "New",
        "System.Reason": "Moved to state New",
        "System.CreatedDate": "2022-06-20T10:17:27.707Z",
        "System.CreatedBy": "Kai Roth <Kai.Roth@adn.de>",
        "System.ChangedDate": "2022-06-20T10:17:27.707Z",
        "System.ChangedBy": "Kai Roth <Kai.Roth@adn.de>",
        "System.Title": "Create PowerPoint for DevOps introduction",
        "Microsoft.VSTS.Scheduling.Effort": 0.0,
        "System.Description": "<div>Custom Work Item </div>",
        "System.AssignedTo": "Kai Roth <Kai.Roth@adn.de>",
        "Microsoft.VSTS.Scheduling.RemainingWork": 0.0,
        "Microsoft.VSTS.Common.Priority": 0.0,
        "System.BoardLane": null,
        "System.Tags": null,
        "Microsoft.VSTS.TCM.Steps": null,
        "Microsoft.VSTS.TCM.Parameters": null,
        "Microsoft.VSTS.TCM.LocalDataSource": null,
        "Microsoft.VSTS.TCM.AutomationStatus": null,
        "System.History": null
      },
      "relations": null,
      "url": "https://dev.azure.com/ADN-Kai/_apis/wit/workItems/5456"
    }
  ],
  "HttpStatusCode": 0,
  "Message": null
}