{
  "count": 6,
  "value": [
    {
      "id": 5458,
      "rev": 8,
      "fields": {
        "System.AreaPath": "DevOps Fasttrack",
        "System.TeamProject": "DevOps Fasttrack",
        "System.IterationPath": "$ProjectName$\\Sprint 1",
        "System.WorkItemType": "Product Backlog Item",
        "System.State": "Approved",
        "System.Reason": "Work stopped",
        "System.CreatedDate": "2022-06-20T10:20:46.467Z",
        "System.CreatedBy": "Kai Roth <Kai.Roth@adn.de>",
        "System.ChangedDate": "2022-07-05T09:38:12.567Z",
        "System.ChangedBy": "Kai Roth <Kai.Roth@adn.de>",
        "System.Title": "New item",
        "Microsoft.VSTS.Scheduling.Effort": 5.0,
        "System.Description": null,
        "System.AssignedTo": "Kai Roth <Kai.Roth@adn.de>",
        "Microsoft.VSTS.Scheduling.RemainingWork": 0.0,
        "Microsoft.VSTS.Common.Priority": 2.0,
        "System.BoardLane": "Lane Name",
        "System.Tags": null,
        "Microsoft.VSTS.TCM.Steps": null,
        "Microsoft.VSTS.TCM.Parameters": null,
        "Microsoft.VSTS.TCM.LocalDataSource": null,
        "Microsoft.VSTS.TCM.AutomationStatus": null,
        "System.History": null
      },
      "relations": [
        {
          "rel": "System.LinkTypes.Duplicate-Reverse",
          "url": "https://dev.azure.com/ADN-Kai/_apis/wit/workItems/5467",
          "attributes": {
            "isLocked": "false",
            "name": "Duplicate Of"
          }
        },
        {
          "rel": "System.LinkTypes.Hierarchy-Forward",
          "url": "https://dev.azure.com/ADN-Kai/_apis/wit/workItems/5461",
          "attributes": {
            "isLocked": "false",
            "name": "Child"
          }
        },
        {
          "rel": "System.LinkTypes.Duplicate-Forward",
          "url": "https://dev.azure.com/ADN-Kai/_apis/wit/workItems/5457",
          "attributes": {
            "isLocked": "false",
            "name": "Duplicate"
          }
        }
      ],
      "url": "https://dev.azure.com/ADN-Kai/_apis/wit/workItems/5458"
    },
    {
      "id": 5459,
      "rev": 12,
      "fields": {
        "System.AreaPath": "DevOps Fasttrack",
        "System.TeamProject": "DevOps Fasttrack",
        "System.IterationPath": "$ProjectName$\\Team1 Iteration",
        "System.WorkItemType": "Product Backlog Item",
        "System.State": "Committed",
        "System.Reason": "Commitment made by the team",
        "System.CreatedDate": "2022-06-21T12:03:28.25Z",
        "System.CreatedBy": "Kai Roth <Kai.Roth@adn.de>",
        "System.ChangedDate": "2022-08-03T12:57:03.527Z",
        "System.ChangedBy": "Kai Roth <Kai.Roth@adn.de>",
        "System.Title": "Create PowerPoint",
        "Microsoft.VSTS.Scheduling.Effort": 12.0,
        "System.Description": null,
        "System.AssignedTo": "Kai Roth <Kai.Roth@adn.de>",
        "Microsoft.VSTS.Scheduling.RemainingWork": 0.0,
        "Microsoft.VSTS.Common.Priority": 2.0,
        "System.BoardLane": null,
        "System.Tags": null,
        "Microsoft.VSTS.TCM.Steps": null,
        "Microsoft.VSTS.TCM.Parameters": null,
        "Microsoft.VSTS.TCM.LocalDataSource": null,
        "Microsoft.VSTS.TCM.AutomationStatus": null,
        "System.History": null
      },
      "relations": [
        {
          "rel": "System.LinkTypes.Hierarchy-Forward",
          "url": "https://dev.azure.com/ADN-Kai/_apis/wit/workItems/5462",
          "attributes": {
            "isLocked": "false",
            "name": "Child"
          }
        },
        {
          "rel": "System.LinkTypes.Hierarchy-Forward",
          "url": "https://dev.azure.com/ADN-Kai/_apis/wit/workItems/5460",
          "attributes": {
            "isLocked": "false",
            "name": "Child"
          }
        }
      ],
      "url": "https://dev.azure.com/ADN-Kai/_apis/wit/workItems/5459"
    },
    {
      "id": 5463,
      "rev": 9,
      "fields": {
        "System.AreaPath": "$ProjectName$\\DevOps Slowtrack Team",
        "System.TeamProject": "DevOps Fasttrack",
        "System.IterationPath": "DevOps Fasttrack",
        "System.WorkItemType": "Product Backlog Item",
        "System.State": "New",
        "System.Reason": "Moved to the backlog",
        "System.CreatedDate": "2022-06-21T12:22:08.01Z",
        "System.CreatedBy": "Kai Roth <Kai.Roth@adn.de>",
        "System.ChangedDate": "2022-07-05T09:38:08.917Z",
        "System.ChangedBy": "Kai Roth <Kai.Roth@adn.de>",
        "System.Title": "Slowtrack backlog",
        "Microsoft.VSTS.Scheduling.Effort": 0.0,
        "System.Description": null,
        "System.AssignedTo": "Tobias Pitzschke <Tobias.Pitzschke@adn.de>",
        "Microsoft.VSTS.Scheduling.RemainingWork": 0.0,
        "Microsoft.VSTS.Common.Priority": 2.0,
        "System.BoardLane": null,
        "System.Tags": null,
        "Microsoft.VSTS.TCM.Steps": null,
        "Microsoft.VSTS.TCM.Parameters": null,
        "Microsoft.VSTS.TCM.LocalDataSource": null,
        "Microsoft.VSTS.TCM.AutomationStatus": null,
        "System.History": null
      },
      "relations": [
        {
          "rel": "System.LinkTypes.Related",
          "url": "https://dev.azure.com/ADN-Kai/_apis/wit/workItems/5461",
          "attributes": {
            "isLocked": "false",
            "comment": "Kai Roth mentioned work item #5463 in #5461 discussions",
            "name": "Related"
          }
        },
        {
          "rel": "System.LinkTypes.Hierarchy-Forward",
          "url": "https://dev.azure.com/ADN-Kai/_apis/wit/workItems/5464",
          "attributes": {
            "isLocked": "false",
            "name": "Child"
          }
        }
      ],
      "url": "https://dev.azure.com/ADN-Kai/_apis/wit/workItems/5463"
    },
    {
      "id": 5465,
      "rev": 8,
      "fields": {
        "System.AreaPath": "DevOps Fasttrack",
        "System.TeamProject": "DevOps Fasttrack",
        "System.IterationPath": "$ProjectName$\\Team1 Iteration\\Path",
        "System.WorkItemType": "Product Backlog Item",
        "System.State": "New",
        "System.Reason": "Moved to the backlog",
        "System.CreatedDate": "2022-06-24T11:15:35.507Z",
        "System.CreatedBy": "Kai Roth <Kai.Roth@adn.de>",
        "System.ChangedDate": "2022-07-05T09:38:10.53Z",
        "System.ChangedBy": "Kai Roth <Kai.Roth@adn.de>",
        "System.Title": "SubTask",
        "Microsoft.VSTS.Scheduling.Effort": 15.0,
        "System.Description": null,
        "System.AssignedTo": "Kai Roth <Kai.Roth@adn.de>",
        "Microsoft.VSTS.Scheduling.RemainingWork": 0.0,
        "Microsoft.VSTS.Common.Priority": 2.0,
        "System.BoardLane": null,
        "System.Tags": null,
        "Microsoft.VSTS.TCM.Steps": null,
        "Microsoft.VSTS.TCM.Parameters": null,
        "Microsoft.VSTS.TCM.LocalDataSource": null,
        "Microsoft.VSTS.TCM.AutomationStatus": null,
        "System.History": null
      },
      "relations": [
        {
          "rel": "System.LinkTypes.Hierarchy-Forward",
          "url": "https://dev.azure.com/ADN-Kai/_apis/wit/workItems/5471",
          "attributes": {
            "isLocked": "false",
            "name": "Child"
          }
        }
      ],
      "url": "https://dev.azure.com/ADN-Kai/_apis/wit/workItems/5465"
    },
    {
      "id": 5466,
      "rev": 9,
      "fields": {
        "System.AreaPath": "DevOps Fasttrack",
        "System.TeamProject": "DevOps Fasttrack",
        "System.IterationPath": "$ProjectName$\\Team1 Iteration",
        "System.WorkItemType": "Product Backlog Item",
        "System.State": "Committed",
        "System.Reason": "Commitment made by the team",
        "System.CreatedDate": "2022-06-24T11:15:59.397Z",
        "System.CreatedBy": "Kai Roth <Kai.Roth@adn.de>",
        "System.ChangedDate": "2022-07-05T10:06:55.153Z",
        "System.ChangedBy": "Kai Roth <Kai.Roth@adn.de>",
        "System.Title": "Test",
        "Microsoft.VSTS.Scheduling.Effort": 0.0,
        "System.Description": null,
        "System.AssignedTo": "Kai Roth <Kai.Roth@adn.de>",
        "Microsoft.VSTS.Scheduling.RemainingWork": 0.0,
        "Microsoft.VSTS.Common.Priority": 2.0,
        "System.BoardLane": null,
        "System.Tags": null,
        "Microsoft.VSTS.TCM.Steps": null,
        "Microsoft.VSTS.TCM.Parameters": null,
        "Microsoft.VSTS.TCM.LocalDataSource": null,
        "Microsoft.VSTS.TCM.AutomationStatus": null,
        "System.History": null
      },
      "relations": null,
      "url": "https://dev.azure.com/ADN-Kai/_apis/wit/workItems/5466"
    },
    {
      "id": 5467,
      "rev": 11,
      "fields": {
        "System.AreaPath": "$ProjectName$\\Devops Main Team",
        "System.TeamProject": "DevOps Fasttrack",
        "System.IterationPath": "$ProjectName$\\Team1 Iteration\\Path",
        "System.WorkItemType": "Product Backlog Item",
        "System.State": "New",
        "System.Reason": "Moved to the backlog",
        "System.CreatedDate": "2022-06-24T11:32:48.66Z",
        "System.CreatedBy": "Kai Roth <Kai.Roth@adn.de>",
        "System.ChangedDate": "2022-07-05T09:38:13.957Z",
        "System.ChangedBy": "Kai Roth <Kai.Roth@adn.de>",
        "System.Title": "AreaPathItem",
        "Microsoft.VSTS.Scheduling.Effort": 8.0,
        "System.Description": null,
        "System.AssignedTo": "Kai Roth <Kai.Roth@adn.de>",
        "Microsoft.VSTS.Scheduling.RemainingWork": 0.0,
        "Microsoft.VSTS.Common.Priority": 2.0,
        "System.BoardLane": null,
        "System.Tags": "data; neu",
        "Microsoft.VSTS.TCM.Steps": null,
        "Microsoft.VSTS.TCM.Parameters": null,
        "Microsoft.VSTS.TCM.LocalDataSource": null,
        "Microsoft.VSTS.TCM.AutomationStatus": null,
        "System.History": null
      },
      "relations": [
        {
          "rel": "System.LinkTypes.Duplicate-Forward",
          "url": "https://dev.azure.com/ADN-Kai/_apis/wit/workItems/5458",
          "attributes": {
            "isLocked": "false",
            "name": "Duplicate"
          }
        },
        {
          "rel": "System.LinkTypes.Related",
          "url": "https://dev.azure.com/ADN-Kai/_apis/wit/workItems/5457",
          "attributes": {
            "isLocked": "false",
            "comment": "Kai Roth mentioned work item #5457 in #5467 discussions",
            "name": "Related"
          }
        }
      ],
      "url": "https://dev.azure.com/ADN-Kai/_apis/wit/workItems/5467"
    }
  ],
  "HttpStatusCode": 0,
  "Message": null
}