{
  "count": 6,
  "value": [
    {
      "id": 5457,
      "rev": 4,
      "fields": {
        "System.AreaPath": "DevOps Fasttrack",
        "System.TeamProject": "DevOps Fasttrack",
        "System.IterationPath": "$ProjectName$\\Sprint 1",
        "System.WorkItemType": "Task",
        "System.State": "Done",
        "System.Reason": "Work finished",
        "System.CreatedDate": "2022-06-20T10:18:23.223Z",
        "System.CreatedBy": "Kai Roth <Kai.Roth@adn.de>",
        "System.ChangedDate": "2022-06-21T12:07:40.63Z",
        "System.ChangedBy": "Kai Roth <Kai.Roth@adn.de>",
        "System.Title": "ToDo",
        "Microsoft.VSTS.Scheduling.Effort": 0.0,
        "System.Description": null,
        "System.AssignedTo": "Kai Roth <Kai.Roth@adn.de>",
        "Microsoft.VSTS.Scheduling.RemainingWork": 0.0,
        "Microsoft.VSTS.Common.Priority": 2.0,
        "System.BoardLane": null,
        "System.Tags": "ux",
        "Microsoft.VSTS.TCM.Steps": null,
        "Microsoft.VSTS.TCM.Parameters": null,
        "Microsoft.VSTS.TCM.LocalDataSource": null,
        "Microsoft.VSTS.TCM.AutomationStatus": null,
        "System.History": null
      },
      "relations": [
        {
          "rel": "System.LinkTypes.Related",
          "url": "https://dev.azure.com/ADN-Kai/_apis/wit/workItems/5467",
          "attributes": {
            "isLocked": "false",
            "comment": "Kai Roth mentioned work item #5457 in #5467 discussions",
            "name": "Related"
          }
        },
        {
          "rel": "System.LinkTypes.Duplicate-Reverse",
          "url": "https://dev.azure.com/ADN-Kai/_apis/wit/workItems/5458",
          "attributes": {
            "isLocked": "false",
            "name": "Duplicate Of"
          }
        }
      ],
      "url": "https://dev.azure.com/ADN-Kai/_apis/wit/workItems/5457"
    },
    {
      "id": 5460,
      "rev": 4,
      "fields": {
        "System.AreaPath": "$ProjectName$\\DevOps Slowtrack Team",
        "System.TeamProject": "DevOps Fasttrack",
        "System.IterationPath": "$ProjectName$\\parallel",
        "System.WorkItemType": "Task",
        "System.State": "In Progress",
        "System.Reason": "Work started",
        "System.CreatedDate": "2022-06-21T12:05:41.647Z",
        "System.CreatedBy": "Kai Roth <Kai.Roth@adn.de>",
        "System.ChangedDate": "2022-07-05T09:54:43.727Z",
        "System.ChangedBy": "Kai Roth <Kai.Roth@adn.de>",
        "System.Title": "Parented Task ToDo",
        "Microsoft.VSTS.Scheduling.Effort": 0.0,
        "System.Description": "<div>Create PowerPoint. Now. </div>",
        "System.AssignedTo": null,
        "Microsoft.VSTS.Scheduling.RemainingWork": 12.0,
        "Microsoft.VSTS.Common.Priority": 2.0,
        "System.BoardLane": null,
        "System.Tags": null,
        "Microsoft.VSTS.TCM.Steps": null,
        "Microsoft.VSTS.TCM.Parameters": null,
        "Microsoft.VSTS.TCM.LocalDataSource": null,
        "Microsoft.VSTS.TCM.AutomationStatus": null,
        "System.History": null
      },
      "relations": [
        {
          "rel": "System.LinkTypes.Hierarchy-Reverse",
          "url": "https://dev.azure.com/ADN-Kai/_apis/wit/workItems/5459",
          "attributes": {
            "isLocked": "false",
            "name": "Parent"
          }
        }
      ],
      "url": "https://dev.azure.com/ADN-Kai/_apis/wit/workItems/5460"
    },
    {
      "id": 5461,
      "rev": 4,
      "fields": {
        "System.AreaPath": "DevOps Fasttrack",
        "System.TeamProject": "DevOps Fasttrack",
        "System.IterationPath": "$ProjectName$\\Sprint 1",
        "System.WorkItemType": "Task",
        "System.State": "To Do",
        "System.Reason": "New task",
        "System.CreatedDate": "2022-06-21T12:06:18.597Z",
        "System.CreatedBy": "Kai Roth <Kai.Roth@adn.de>",
        "System.ChangedDate": "2022-07-05T09:57:44.53Z",
        "System.ChangedBy": "Kai Roth <Kai.Roth@adn.de>",
        "System.Title": "Too much work",
        "Microsoft.VSTS.Scheduling.Effort": 0.0,
        "System.Description": null,
        "System.AssignedTo": "Kai Roth <Kai.Roth@adn.de>",
        "Microsoft.VSTS.Scheduling.RemainingWork": 12.0,
        "Microsoft.VSTS.Common.Priority": 2.0,
        "System.BoardLane": null,
        "System.Tags": null,
        "Microsoft.VSTS.TCM.Steps": null,
        "Microsoft.VSTS.TCM.Parameters": null,
        "Microsoft.VSTS.TCM.LocalDataSource": null,
        "Microsoft.VSTS.TCM.AutomationStatus": null,
        "System.History": "<div><a href=\"https://dev.azure.com/ADN-Kai/c3ff173d-ae5e-456f-a0b4-cb97ffb622cf/_workitems/edit/5463\" data-vss-mention=\"version:1.0\">#5463</a>&nbsp; </div>"
      },
      "relations": [
        {
          "rel": "System.LinkTypes.Related",
          "url": "https://dev.azure.com/ADN-Kai/_apis/wit/workItems/5463",
          "attributes": {
            "isLocked": "false",
            "comment": "Kai Roth mentioned work item #5463 in #5461 discussions",
            "name": "Related"
          }
        },
        {
          "rel": "System.LinkTypes.Hierarchy-Reverse",
          "url": "https://dev.azure.com/ADN-Kai/_apis/wit/workItems/5458",
          "attributes": {
            "isLocked": "false",
            "name": "Parent"
          }
        }
      ],
      "url": "https://dev.azure.com/ADN-Kai/_apis/wit/workItems/5461"
    },
    {
      "id": 5462,
      "rev": 5,
      "fields": {
        "System.AreaPath": "DevOps Fasttrack",
        "System.TeamProject": "DevOps Fasttrack",
        "System.IterationPath": "$ProjectName$\\Sprint 1",
        "System.WorkItemType": "Task",
        "System.State": "To Do",
        "System.Reason": "New task",
        "System.CreatedDate": "2022-06-21T12:09:55.75Z",
        "System.CreatedBy": "Kai Roth <Kai.Roth@adn.de>",
        "System.ChangedDate": "2022-07-05T08:54:27.477Z",
        "System.ChangedBy": "Kai Roth <Kai.Roth@adn.de>",
        "System.Title": "Test commit",
        "Microsoft.VSTS.Scheduling.Effort": 0.0,
        "System.Description": null,
        "System.AssignedTo": "Kai Roth <Kai.Roth@adn.de>",
        "Microsoft.VSTS.Scheduling.RemainingWork": 11.0,
        "Microsoft.VSTS.Common.Priority": 2.0,
        "System.BoardLane": null,
        "System.Tags": null,
        "Microsoft.VSTS.TCM.Steps": null,
        "Microsoft.VSTS.TCM.Parameters": null,
        "Microsoft.VSTS.TCM.LocalDataSource": null,
        "Microsoft.VSTS.TCM.AutomationStatus": null,
        "System.History": "<div>testest </div>"
      },
      "relations": [
        {
          "rel": "System.LinkTypes.Hierarchy-Reverse",
          "url": "https://dev.azure.com/ADN-Kai/_apis/wit/workItems/5459",
          "attributes": {
            "isLocked": "false",
            "name": "Parent"
          }
        },
        {
          "rel": "ArtifactLink",
          "url": "vstfs:///Git/Commit/c3ff173d-ae5e-456f-a0b4-cb97ffb622cf%2Fea222a09-ea97-4d7e-ba31-7da3d3a792f8%2F8d34572c97b02908733f8b97da3443de1d3128bf",
          "attributes": {
            "authorizedDate": "2022-06-21T12:15:53.53Z",
            "id": "13284591",
            "resourceCreatedDate": "2022-06-21T12:15:53.53Z",
            "resourceModifiedDate": "2022-06-21T12:15:53.53Z",
            "revisedDate": "9999-01-01T00:00:00Z",
            "name": "Fixed in Commit"
          }
        },
        {
          "rel": "ArtifactLink",
          "url": "vstfs:///Git/Commit/c3ff173d-ae5e-456f-a0b4-cb97ffb622cf%2fea222a09-ea97-4d7e-ba31-7da3d3a792f8%2f73d0bbfcdff433460da30f10f5789f978973212d",
          "attributes": {
            "authorizedDate": "2022-06-21T12:15:20.133Z",
            "id": "13284587",
            "resourceCreatedDate": "2022-06-21T12:15:20.133Z",
            "resourceModifiedDate": "2022-06-21T12:15:20.133Z",
            "revisedDate": "9999-01-01T00:00:00Z",
            "name": "Fixed in Commit"
          }
        }
      ],
      "url": "https://dev.azure.com/ADN-Kai/_apis/wit/workItems/5462"
    },
    {
      "id": 5464,
      "rev": 1,
      "fields": {
        "System.AreaPath": "$ProjectName$\\DevOps Slowtrack Team",
        "System.TeamProject": "DevOps Fasttrack",
        "System.IterationPath": "DevOps Fasttrack",
        "System.WorkItemType": "Task",
        "System.State": "To Do",
        "System.Reason": "New task",
        "System.CreatedDate": "2022-06-21T12:23:26.49Z",
        "System.CreatedBy": "Kai Roth <Kai.Roth@adn.de>",
        "System.ChangedDate": "2022-06-21T12:23:26.49Z",
        "System.ChangedBy": "Kai Roth <Kai.Roth@adn.de>",
        "System.Title": "Some random task",
        "Microsoft.VSTS.Scheduling.Effort": 0.0,
        "System.Description": null,
        "System.AssignedTo": "Tobias Pitzschke <Tobias.Pitzschke@adn.de>",
        "Microsoft.VSTS.Scheduling.RemainingWork": 25.0,
        "Microsoft.VSTS.Common.Priority": 3.0,
        "System.BoardLane": null,
        "System.Tags": null,
        "Microsoft.VSTS.TCM.Steps": null,
        "Microsoft.VSTS.TCM.Parameters": null,
        "Microsoft.VSTS.TCM.LocalDataSource": null,
        "Microsoft.VSTS.TCM.AutomationStatus": null,
        "System.History": null
      },
      "relations": [
        {
          "rel": "System.LinkTypes.Hierarchy-Reverse",
          "url": "https://dev.azure.com/ADN-Kai/_apis/wit/workItems/5463",
          "attributes": {
            "isLocked": "false",
            "name": "Parent"
          }
        }
      ],
      "url": "https://dev.azure.com/ADN-Kai/_apis/wit/workItems/5464"
    },
    {
      "id": 5471,
      "rev": 2,
      "fields": {
        "System.AreaPath": "DevOps Fasttrack",
        "System.TeamProject": "DevOps Fasttrack",
        "System.IterationPath": "$ProjectName$\\Team1 Iteration",
        "System.WorkItemType": "Task",
        "System.State": "To Do",
        "System.Reason": "New task",
        "System.CreatedDate": "2022-07-05T09:43:09.677Z",
        "System.CreatedBy": "Kai Roth <Kai.Roth@adn.de>",
        "System.ChangedDate": "2022-07-05T09:43:12Z",
        "System.ChangedBy": "Kai Roth <Kai.Roth@adn.de>",
        "System.Title": "tet",
        "Microsoft.VSTS.Scheduling.Effort": 0.0,
        "System.Description": null,
        "System.AssignedTo": "Tobias Pitzschke <Tobias.Pitzschke@adn.de>",
        "Microsoft.VSTS.Scheduling.RemainingWork": 0.0,
        "Microsoft.VSTS.Common.Priority": 2.0,
        "System.BoardLane": null,
        "System.Tags": null,
        "Microsoft.VSTS.TCM.Steps": null,
        "Microsoft.VSTS.TCM.Parameters": null,
        "Microsoft.VSTS.TCM.LocalDataSource": null,
        "Microsoft.VSTS.TCM.AutomationStatus": null,
        "System.History": null
      },
      "relations": [
        {
          "rel": "System.LinkTypes.Hierarchy-Reverse",
          "url": "https://dev.azure.com/ADN-Kai/_apis/wit/workItems/5465",
          "attributes": {
            "isLocked": "false",
            "name": "Parent"
          }
        }
      ],
      "url": "https://dev.azure.com/ADN-Kai/_apis/wit/workItems/5471"
    }
  ],
  "HttpStatusCode": 0,
  "Message": null
}