{
  "data": {
    "environment": "AzureCloud",
    "subscriptionId": "83123ab1-a710-4ee1-b65e-c2fbde5781a9",
    "subscriptionName": "MPN 06",
    "scopeLevel": "Subscription"
  },
  "name": "MPN 06 (83123ab1-a710-4ee1-b65e-c2fbde5781a9)",
  "type": "azurerm",
  "url": "https://management.azure.com/",
  "authorization": {
    "parameters": {
      "tenantId": "bf693513-4cdb-418d-aa27-ff3dd5b96383",
      "servicePrincipalId": "d4ba4f8b-710c-4c53-959d-0986ee54b27c",
      "authenticationType": "spnKey",
      "servicePrincipalKey": "spnKey"
    },
    "scheme": "ServicePrincipal"
  },
  "isShared": false,
  "isReady": true,
  "owner": "Library"
}