{
  "Extensions": [
    {
      "extensionName": "Resharper Code Quality Analysis",
      "link": "<a href='https://marketplace.visualstudio.com/items?itemName=alanwales.resharper-code-analysis' target='_blank'><b>Resharper Code Quality Analysis</b></a>",
      "publisherId": "alanwales",
      "extensionId": "resharper-code-analysis",
      "publisherName": "Alan Wales",
      "License": "<a href='https://marketplace.visualstudio.com/items?itemName=alanwales.resharper-code-analysis' target='_blank'>License Terms</a>"
    },
    {
      "extensionName": "ARM Outputs",
      "link": "<a href='https://marketplace.visualstudio.com/items?itemName=keesschollaart.arm-outputs' target='_blank'><b>ARM Outputs</b></a>",
      "publisherId": "keesschollaart",
      "extensionId": "arm-outputs",
      "publisherName": "Kees Schollaart",
      "License": "<a href='https://marketplace.visualstudio.com/items?itemName=keesschollaart.arm-outputs' target='_blank'>License Terms</a>"
    },
    {
      "extensionName": "LaunchDarkly Integration V2",
      "link": "<a href='https://marketplace.visualstudio.com/items?itemName=launchdarkly.launchdarkly-extension' target='_blank'><b>LaunchDarkly Integration V2</b></a>",
      "publisherId": "launchdarkly",
      "extensionId": "launchdarkly-extension",
      "publisherName": "LaunchDarkly",
      "License": "<a href='https://marketplace.visualstudio.com/items?itemName=launchdarkly.launchdarkly-extension' target='_blank'>License Terms</a>"
    },
    {
      "extensionName": "Terraform",
      "link": "<a href='https://marketplace.visualstudio.com/items?itemName=ms-devlabs.custom-terraform-tasks' target='_blank'><b>Terraform</b></a>",
      "publisherId": "ms-devlabs",
      "extensionId": "custom-terraform-tasks",
      "publisherName": "Microsoft DevLabs",
      "License": "<a href='https://marketplace.visualstudio.com/items?itemName=ms-devlabs.custom-terraform-tasks' target='_blank'>License Terms</a>"
    },
    {
      "extensionName": "Team Project Health",
      "link": "<a href='https://marketplace.visualstudio.com/items?itemName=ms-devlabs.TeamProjectHealth' target='_blank'><b>Team Project Health</b></a>",
      "publisherId": "ms-devlabs",
      "extensionId": "TeamProjectHealth",
      "publisherName": "Microsoft DevLabs",
      "License": "<a href='https://marketplace.visualstudio.com/items?itemName=ms-devlabs.TeamProjectHealth' target='_blank'>License Terms</a>"
    },
    {
      "extensionName": "Replace Tokens",
      "link": "<a href='https://marketplace.visualstudio.com/items?itemName=qetza.replacetokens' target='_blank'><b>Replace Tokens</b></a>",
      "publisherId": "qetza",
      "extensionId": "replacetokens",
      "publisherName": "Guillaume Rouchon",
      "License": "<a href='https://marketplace.visualstudio.com/items?itemName=qetza.replacetokens' target='_blank'>License Terms</a>"
    },
    {
      "extensionName": "SonarCloud",
      "link": "<a href='https://marketplace.visualstudio.com/items?itemName=SonarSource.sonarcloud' target='_blank'><b>SonarCloud</b></a>",
      "publisherId": "SonarSource",
      "extensionId": "sonarcloud",
      "publisherName": "SonarSource",
      "License": "<a href='https://marketplace.visualstudio.com/items?itemName=SonarSource.sonarcloud' target='_blank'>License Terms</a>"
    },
    {
      "extensionName": "Kubernetes extension",
      "link": "<a href='https://marketplace.visualstudio.com/items?itemName=tsuyoshiushio.k8s-endpoint' target='_blank'><b>Kubernetes extension</b></a>",
      "publisherId": "tsuyoshiushio",
      "extensionId": "k8s-endpoint",
      "publisherName": "Tsuyoshi Ushio",
      "License": "<a href='https://marketplace.visualstudio.com/items?itemName=tsuyoshiushio.k8s-endpoint' target='_blank'>License Terms</a>"
    },
    {
      "extensionName": "Veracode",
      "link": "<a href='https://marketplace.visualstudio.com/items?itemName=Veracode.veracode-vsts-build-extension' target='_blank'><b>Veracode</b></a>",
      "publisherId": "Veracode",
      "extensionId": "veracode-vsts-build-extension",
      "publisherName": "Veracode",
      "License": "<a href='https://marketplace.visualstudio.com/items?itemName=Veracode.veracode-vsts-build-extension' target='_blank'>License Terms</a>"
    },
    {
      "extensionName": "Mend Bolt (formerly WhiteSource)",
      "link": "<a href='https://marketplace.visualstudio.com/items?itemName=whitesource.whiteSource-bolt-v2' target='_blank'><b>Mend Bolt (formerly WhiteSource)</b></a>",
      "publisherId": "whitesource",
      "extensionId": "whiteSource-bolt-v2",
      "publisherName": "WhiteSource",
      "License": "<a href='https://marketplace.visualstudio.com/items?itemName=whitesource.whiteSource-bolt-v2' target='_blank'>License Terms</a>"
    },
    {
      "extensionName": "Code Search",
      "link": "<a href='https://marketplace.visualstudio.com/items?itemName=ms.vss-code-search' target='_blank'><b>Code Search</b></a>",
      "publisherId": "ms",
      "extensionId": "vss-code-search",
      "publisherName": "Microsoft",
      "License": "<a href='https://marketplace.visualstudio.com/items?itemName=ms.vss-code-search' target='_blank'>License Terms</a>"
    },
    {
      "extensionName": "Delivery Plans",
      "link": "<a href='https://marketplace.visualstudio.com/items?itemName=ms.vss-plans' target='_blank'><b>Delivery Plans</b></a>",
      "publisherId": "ms",
      "extensionId": "vss-plans",
      "publisherName": "Microsoft",
      "License": "<a href='https://marketplace.visualstudio.com/items?itemName=ms.vss-plans' target='_blank'>License Terms</a>"
    }
  ]
}